{
    "version": "2.0",
    "title": "BESSY II Standard User Mode 2019/05/07",
    "root": "ring",
    "elements": {
        "qit6": ["Quadrupole", {"length": 0.122, "k1": -1.0791894671160693}],
        "q1d": ["Quadrupole", {"length": 0.25, "k1": 2.4412502258740236}],
        "q2d": ["Quadrupole", {"length": 0.2, "k1": -1.854171854312531}],
        "q3p1t1": ["Quadrupole", {"length": 0.25, "k1": -2.5153933330187686}],
        "q3p1t6": ["Quadrupole", {"length": 0.25, "k1": -2.68837126251975}],
        "q3p1t8": ["Quadrupole", {"length": 0.25, "k1": -2.474878288551601}],
        "q3p2t1": ["Quadrupole", {"length": 0.25, "k1": -2.4624031452309323}],
        "q3p2t6": ["Quadrupole", {"length": 0.25, "k1": -2.3291674197841425}],
        "q3p2t8": ["Quadrupole", {"length": 0.25, "k1": -2.511999345290208}],
        "q3d1": ["Quadrupole", {"length": 0.25, "k1": -2.0209870098432225}],
        "q3d2": ["Quadrupole", {"length": 0.25, "k1": -2.127217316085279}],
        "q3d3": ["Quadrupole", {"length": 0.25, "k1": -2.1222346213628}],
        "q3d4": ["Quadrupole", {"length": 0.25, "k1": -2.1301994845684886}],
        "q3d5": ["Quadrupole", {"length": 0.25, "k1": -2.124813693856704}],
        "q3d6": ["Quadrupole", {"length": 0.25, "k1": -2.109199185226485}],
        "q3d7": ["Quadrupole", {"length": 0.25, "k1": -2.114934487275352}],
        "q3d8": ["Quadrupole", {"length": 0.25, "k1": -2.132163764867927}],
        "q3t2": ["Quadrupole", {"length": 0.25, "k1": -2.4556143083744217}],
        "q3t3": ["Quadrupole", {"length": 0.25, "k1": -2.4309220826107603}],
        "q3t4": ["Quadrupole", {"length": 0.25, "k1": -2.437473034612692}],
        "q3t5": ["Quadrupole", {"length": 0.25, "k1": -2.4500689455522133}],
        "q3t7": ["Quadrupole", {"length": 0.25, "k1": -2.433306930078419}],
        "q4p1t1": ["Quadrupole", {"length": 0.5, "k1": 2.6277815072032142}],
        "q4p1t6": ["Quadrupole", {"length": 0.5, "k1": 2.2556063350365068}],
        "q4p1t8": ["Quadrupole", {"length": 0.5, "k1": 2.5634926931601414}],
        "q4p2t1": ["Quadrupole", {"length": 0.5, "k1": 2.5640930715857437}],
        "q4p2t6": ["Quadrupole", {"length": 0.5, "k1": 2.562851714274353}],
        "q4p2t8": ["Quadrupole", {"length": 0.5, "k1": 2.64327524092027}],
        "q4d1": ["Quadrupole", {"length": 0.5, "k1": 1.4014878626430145}],
        "q4d2": ["Quadrupole", {"length": 0.5, "k1": 1.4822692702930629}],
        "q4d3": ["Quadrupole", {"length": 0.5, "k1": 1.4824215318796259}],
        "q4d4": ["Quadrupole", {"length": 0.5, "k1": 1.4895705433137862}],
        "q4d5": ["Quadrupole", {"length": 0.5, "k1": 1.4806265832327752}],
        "q4d6": ["Quadrupole", {"length": 0.5, "k1": 1.4819524232289745}],
        "q4d7": ["Quadrupole", {"length": 0.5, "k1": 1.4733989444833122}],
        "q4d8": ["Quadrupole", {"length": 0.5, "k1": 1.4893864135583927}],
        "q4t2": ["Quadrupole", {"length": 0.5, "k1": 2.577935747250533}],
        "q4t3": ["Quadrupole", {"length": 0.5, "k1": 2.579508567294197}],
        "q4t4": ["Quadrupole", {"length": 0.5, "k1": 2.580313888273066}],
        "q4t5": ["Quadrupole", {"length": 0.5, "k1": 2.5752073333756766}],
        "q4t7": ["Quadrupole", {"length": 0.5, "k1": 2.582620724222026}],
        "q5p1t1": ["Quadrupole", {"length": 0.2, "k1": -2.4958115098261615}],
        "q5p1t6": ["Quadrupole", {"length": 0.2, "k1": -1.0521806901266906}],
        "q5p1t8": ["Quadrupole", {"length": 0.2, "k1": -2.4966129217201325}],
        "q5p2t1": ["Quadrupole", {"length": 0.2, "k1": -2.518717434035317}],
        "q5p2t6": ["Quadrupole", {"length": 0.2, "k1": -2.4805601712770464}],
        "q5p2t8": ["Quadrupole", {"length": 0.2, "k1": -2.5200563869225228}],
        "q5t2": ["Quadrupole", {"length": 0.2, "k1": -2.5816434971213438}],
        "q5t3": ["Quadrupole", {"length": 0.2, "k1": -2.625348273358675}],
        "q5t4": ["Quadrupole", {"length": 0.2, "k1": -2.6022536572954245}],
        "q5t5": ["Quadrupole", {"length": 0.2, "k1": -2.581049121531802}],
        "q5t7": ["Quadrupole", {"length": 0.2, "k1": -2.610663634349188}],
        "s1": ["Sextupole", {"length": 0.105, "k2": 53.711598071533}],
        "s2": ["Sextupole", {"length": 0.16, "k2": -44.968873069}],
        "s3p1t6": ["Sextupole", {"length": 0.16, "k2": -43.8795}],
        "s3p2t6": ["Sextupole", {"length": 0.16, "k2": -43.8795}],
        "s3d1": ["Sextupole", {"length": 0.16, "k2": -39.96}],
        "s3d": ["Sextupole", {"length": 0.16, "k2": -42.735}],
        "s3t": ["Sextupole", {"length": 0.16, "k2": -43.8795}],
        "s4p1t6": ["Sextupole", {"length": 0.16, "k2": 41.25}],
        "s4p2t6": ["Sextupole", {"length": 0.16, "k2": 41.25}],
        "s4d": ["Sextupole", {"length": 0.16, "k2": 38.2185}],
        "s4d1": ["Sextupole", {"length": 0.16, "k2": 27.0435}],
        "s4t": ["Sextupole", {"length": 0.16, "k2": 55.0}],
        "dq1": ["Drift", {"length": 0.288}],
        "ds1": ["Drift", {"length": 0.16}],
        "dq2": ["Drift", {"length": 0.42}],
        "ds2": ["Drift", {"length": 0.307}],
        "db": ["Drift", {"length": 0.42}],
        "ds3": ["Drift", {"length": 0.153}],
        "dq3": ["Drift", {"length": 0.153}],
        "dl": ["Drift", {"length": 2.806}],
        "dk": ["Drift", {"length": 2.453}],
        "b": ["Dipole", {"length": 0.855, "angle": 0.196349540849362, "e1": 0.09817477042, "e2": 0.09817477042}],
        "b1id": ["Dipole", {"length": 0.28, "angle": 0.0578788879, "e1": 0, "e2": 0.0578788879}],
        "b2id": ["Dipole", {"length": 0.56, "angle": -0.1117010721, "e1": -0.0578788879, "e2": -0.0538221842}],
        "b3id": ["Dipole", {"length": 0.28, "angle": 0.0538221842, "e1": 0.0538221842, "e2": 0}],
        "ds4d6": ["Drift", {"length": 0.164}],
        "db1id": ["Drift", {"length": 2.02014}],
        "db2id": ["Drift", {"length": 2.21625}],
        "db3id": ["Drift", {"length": 0.1}],
        "dq5t6": ["Drift", {"length": 2.2976}],
        "dqit6": ["Drift", {"length": 2.3644}]
    },
    "lattices": {
        "achrh": ["s1", "ds1", "q1d", "dq1", "s2", "ds2", "q2d", "dq2"],
        "achlh": ["dq2", "q2d", "ds2", "s2", "dq1", "q1d", "ds1", "s1"],
        "d1lh": ["db", "q3d1", "dq3", "s3d1", "ds3", "q4d1", "dq3", "s4d1", "dl"],
        "d1rh": ["dl", "s4d1", "dq3", "q4d1", "ds3", "s3d1", "dq3", "q3d1", "db"],
        "t1lh": ["db", "q3p1t1", "dq3", "s3t", "ds3", "q4p1t1", "dq3", "s4t", "dq3", "q5p1t1", "dk"],
        "t1rh": ["dk", "q5p2t1", "dq3", "s4t", "dq3", "q4p2t1", "ds3", "s3t", "dq3", "q3p2t1", "db"],
        "d2lh": ["db", "q3d2", "dq3", "s3d", "ds3", "q4d2", "dq3", "s4d", "dl"],
        "d2rh": ["dl", "s4d", "dq3", "q4d2", "ds3", "s3d", "dq3", "q3d2", "db"],
        "t2lh": ["db", "q3t2", "dq3", "s3t", "ds3", "q4t2", "dq3", "s4t", "dq3", "q5t2", "dk"],
        "t2rh": ["dk", "q5t2", "dq3", "s4t", "dq3", "q4t2", "ds3", "s3t", "dq3", "q3t2", "db"],
        "d3lh": ["db", "q3d3", "dq3", "s3d", "ds3", "q4d3", "dq3", "s4d", "dl"],
        "d3rh": ["dl", "s4d", "dq3", "q4d3", "ds3", "s3d", "dq3", "q3d3", "db"],
        "t3lh": ["db", "q3t3", "dq3", "s3t", "ds3", "q4t3", "dq3", "s4t", "dq3", "q5t3", "dk"],
        "t3rh": ["dk", "q5t3", "dq3", "s4t", "dq3", "q4t3", "ds3", "s3t", "dq3", "q3t3", "db"],
        "d4lh": ["db", "q3d4", "dq3", "s3d", "ds3", "q4d4", "dq3", "s4d", "dl"],
        "d4rh": ["dl", "s4d", "dq3", "q4d4", "ds3", "s3d", "dq3", "q3d4", "db"],
        "t4lh": ["db", "q3t4", "dq3", "s3t", "ds3", "q4t4", "dq3", "s4t", "dq3", "q5t4", "dk"],
        "t4rh": ["dk", "q5t4", "dq3", "s4t", "dq3", "q4t4", "ds3", "s3t", "dq3", "q3t4", "db"],
        "d5lh": ["db", "q3d5", "dq3", "s3d", "ds3", "q4d5", "dq3", "s4d", "dl"],
        "d5rh": ["dl", "s4d", "dq3", "q4d5", "ds3", "s3d", "dq3", "q3d5", "db"],
        "t5lh": ["db", "q3t5", "dq3", "s3t", "ds3", "q4t5", "dq3", "s4t", "dq3", "q5t5", "dk"],
        "t5rh": ["dk", "q5t5", "dq3", "s4t", "dq3", "q4t5", "ds3", "s3t", "dq3", "q3t5", "db"],